PC1,PC2,PC3,PC4,Class
2.103360759151607,0.45594959819341613,0.18426103301950508,-0.4946451146032137,0
1.850466221568249,-0.5832793219327446,0.3832103556906841,0.7617959158430253,0
1.7613794900668247,0.25066788892593594,0.6439010119297034,0.6358049232870526,0
2.1763970586020296,-0.4999823220089035,0.31966856637791896,0.014303667087423241,0
2.2075910667316236,-1.100519123434986,-0.03570284038040083,-0.23869030567830551,0
2.2014228513886644,0.5444960076645804,0.22023157322406772,0.09983543790969893,0
2.1985639042814094,-0.7673390114030295,0.8197694938901555,1.3422673599776898,0
2.166545216580427,0.1897393012737449,0.019887414158266333,0.8364946261683854,0
2.4535512645027717,-0.45752239462860134,-0.13343016599869267,0.4870625329788386,0
2.3323628966302477,0.4038219663547688,0.6253183041309719,0.7654946260720102,0
2.2357246122200958,0.09030678120843272,0.10368652768236933,-0.4963048133633693,0
2.6469136051139737,-0.7750461939624932,-0.6396685826605693,0.6840987668228458,0
2.0073354598620403,0.07528867342226832,-0.06439318278789148,0.2937366296673092,0
2.221727883570536,0.38493900867082886,-0.16046727586376539,0.10413423941089579,0
2.0723706735794427,-0.3573950308475133,-0.0029187561930760007,0.1266580141291922,0
2.8742432707985412,-0.8006334062844959,-1.0678161879514672,0.3567455230615988,0
2.1772971517423554,0.0671867066025621,0.14556130763705258,0.38976962479055266,0
1.6415371145646163,-0.6452223747570993,0.6990026906742799,1.137773641340328,0
1.96237311099502,-0.36979389660368406,0.40976312418497157,0.4120054300806307,0
2.183041838438026,-0.6250414136202539,-0.1573456593463662,-0.4561387679057898,0
2.841630980648737,-0.6291659034566038,-0.3396084847751951,1.5374456846879372,0
1.6778157896027062,-0.28339555076497913,0.4111300093580905,0.16571634707612465,0
2.223033503310547,-0.494028371880205,-0.5358590726292551,0.11373879481999519,0
1.9685895060621605,0.6759408224220425,0.16318157611680292,-0.9047421649050105,0
2.1406032855841346,-0.464348456741036,1.3978709201094839,0.0554561136264765,0
2.4853163551313338,-0.6449661750958713,0.04544472629432216,0.49225321626166174,0
2.431089314628815,-0.0831648725949192,-0.29876895045615476,-0.8319498793460866,0
2.2245789233399065,-0.6197383610586997,-0.3177735242774802,-0.15478262125220085,0
2.1723449500172802,-0.47261839113758325,0.35629926922439387,-0.17432821748028704,0
2.248125520792326,-0.940271808540222,-0.399760720425562,-0.9800474027361368,0
2.1233712008616656,-0.5141485699152456,0.43644757533938194,-0.47892818874028226,0
1.9393963987714575,-0.3761330732372312,0.48896338299063974,0.8864414820787351,0
1.8090852001536653,-0.3305306611872715,0.8879094663886629,1.0844925412196138,0
2.9407943654497912,-0.7299555707229674,-0.2431995502981077,1.1775139060966806,0
2.187420440399313,-0.002831522476824353,0.044605220890089656,0.2943658380404498,0
1.620708204261294,0.17589723611672717,0.027740715138537892,-0.29731567924162555,0
2.127751741359887,-0.7263105572486951,1.0854399465571694,0.6988281772034742,0
2.4157356510532764,-1.6607028924896499,0.3035186083899476,0.6615486161810759,0
2.1097976651771773,-0.5301060106368635,-0.05642320410491163,0.3705300161255194,0
2.1273628857541245,-1.1741157660835533,-0.43492440692711876,-0.549354652284341,0
2.662196825414195,-0.6488406787446798,-0.3247827604435346,1.40091578551035,0
2.386437447080366,-0.14194762534725852,-0.3972910823887182,-0.01657767540907035,0
2.3364212529784583,-0.034216617260244254,-0.5161553631590506,-0.7263954477430253,0
2.3812699554821273,-1.2565323191089748,-0.7899563631912907,-1.6989908676062109,0
2.2798994729342437,-0.1174408302491415,0.28672115332724146,0.46249059648725543,0
2.640110564457321,-0.7242278848009773,0.4617002602599673,0.9557597734278468,0
2.330462800853275,-0.40206605760733144,-0.004566344717359593,-0.9013928817207841,0
1.843557349076074,-0.49555754149763676,0.4958706474746227,1.094277188950934,0
2.2178014225274048,-0.38583150804035893,0.17234841649587845,-1.1174638846164835,0
2.105200130356915,0.09168081660021088,-0.09876145388771741,1.1042025913297708,0
2.3214069578482652,-0.7210691470289317,-0.824722800784496,1.6749848991641305,0
2.4475401526901956,-0.5556879849971532,-0.1584414764133857,1.060879611259863,0
1.9636422423301134,0.17297437906046434,0.0690531384217953,0.4603940996168666,0
2.5593946646583285,0.43444532833843796,-0.43160397959642094,-0.9656684055855318,0
1.9381743506465554,0.2037180766076926,0.18644979036868015,0.25615336721857707,0
2.2217854555304934,0.09403522045950372,0.28694210285283406,0.740071918101545,0
2.4869624517944193,-0.30762643622102953,-0.689247682138091,0.018140643665381918,0
2.1895373041136086,-0.5347693127014054,-0.004722721045303335,0.21573488384951303,0
2.1537134303763104,-0.6560572606860552,0.6389384937044837,0.13070549966355777,0
1.9612151172311272,0.4259847262400921,1.6678520884316002,-0.9272541893988118,0
1.9791619039704518,0.3905705601661576,0.2201107929406084,0.6549267608581153,0
2.028375973963509,-0.5572265124234549,0.31071748722230147,-0.06877097374310846,0
2.0657825151820575,-0.7729210680873511,0.07524830198702412,-0.7158780374029035,0
1.9389640946864337,0.16170843220257955,0.04215652861394066,0.191932877044317,0
2.2179644896730806,0.5181633059994052,0.11088263250357426,-0.09604506083405003,0
2.428973521287275,0.8125673105428879,-1.077028244111825,-1.4517189880359829,0
2.3787511888553206,-0.5381887340216127,0.2859850847813321,0.45593846148702055,0
2.071741958644481,-0.03929992739940028,-0.10068594440147459,-0.7453607291672402,0
1.8672770352962882,-0.3099330786946931,0.8498613869613436,0.7763780630494096,0
2.0935974682114313,0.0005551801358046478,-0.019754772862913057,0.14529617446618798,0
1.7238133791629695,-0.058142663996531674,0.6289815077635915,1.3983993976241587,0
2.6411927504537465,-0.2648822784582751,-0.06706279479044071,1.0436543887837129,0
1.8972360227335912,-0.5732090205938923,0.6234676827931106,0.8213721203555313,0
2.2722132662598145,-0.43385348524468137,0.21197806158557775,-0.16752671831563298,0
2.4032183904711877,-0.17298254790719267,0.10529608086701012,-0.5767934744546336,0
2.041219092261974,0.2833915717886899,0.26424950869615726,0.4969466621360663,0
2.584092997092389,0.6223947988114823,-1.5156390349056366,-0.10168622744272894,0
1.9477609536133413,-0.1880636791371772,0.30193741663975876,0.41724060865300117,0
1.7044656412667496,-0.3203001901596386,0.2644138677045189,0.8557705524745115,0
2.6447431144445988,-0.45499647793797365,-0.20610944051140037,0.5925694341554948,0
1.9923353883686024,-0.5593520634377017,-0.22681337743193444,-0.23564059162222856,0
2.1777435549208244,-0.6184784340615701,0.4534397992996794,0.12906710143087435,0
2.23497934276829,-0.48868536377304195,0.3219138325834984,-0.27721793105869336,0
2.096439869969102,-0.6929284549479235,0.24924055456036126,0.25725648874552304,0
1.780521071852759,-0.32649505232781123,-0.544352019490094,-0.51199170046221,0
1.9925342452371453,0.18674825504814863,0.8769005923883687,0.4141272688421788,0
2.016580862557862,-0.36109852148674004,-0.15951428058294417,0.22464237641525334,0
2.828499166889236,3.1796544393440027,-6.355336591078621,1.1974728582519174,0
2.4474242834035573,-0.35942679441519665,-0.16170041692475642,-1.1930610947470037,0
2.0775071446861535,-0.7011174571000849,0.09074832856192806,0.0124015658945159,0
2.3375089255430064,0.037665121995884336,-0.013934999936475831,0.9362601505801544,0
2.323140461439635,-0.9143357553013268,-0.1859449043438994,-0.6183015648935574,0
2.2600712479851888,-0.035237063438886176,-0.23890277136890553,-0.3624227615971206,0
2.427522007022573,-0.4378525176118495,0.549903804117387,0.7024790248749487,0
2.3558472120751106,-0.7220488046240411,0.27184007030537327,0.3846807764457394,0
1.8977622668424157,0.17925277443053902,0.2834759681247496,0.8833152944864442,0
2.133505947957606,-0.06547684249916992,0.3665186195699795,0.0743267192170796,0
2.219285078719737,0.00978297561588028,-0.1004122541848489,0.07212158847761184,0
2.662774532440685,0.05025344558246971,-0.6423230329959904,1.093140230108969,0
2.659097950250948,-0.8472205011994369,-0.20550880205691743,0.7628240670206905,0
2.3412436103324272,-0.06790362639359554,0.2536981686442104,0.14409096809193034,0
2.4275471636957207,-0.7484128143116476,0.17106336683422896,0.398598947428838,0
1.4875599120526999,-0.8474843816491706,-0.17438463998912015,1.2825495197442915,0
2.096322865755716,-0.8407652475299193,0.2959274535336846,0.3175763900765891,0
2.4620570767281573,-0.9735071807027526,-0.1818494926988516,0.19400085639259615,0
2.020734764881535,-1.4621566148815213,0.16007647432933547,1.409067949207075,0
2.8602058041561698,-0.874171725041881,-0.13481585923302675,1.6974617629500388,0
2.194437516656157,-0.6824118613239136,0.0067138866467750385,0.2206678108985024,0
1.8798384454919825,-0.8484824682662877,0.36905676333115245,0.24777653570519112,0
1.9931829455937817,0.33722083038587014,0.7987700895856954,0.10514797772373186,0
2.3915311031572823,-0.8860312642798792,0.0026893315131944896,0.6775851974051347,0
2.0578418947170007,0.18865427120704847,0.05587087188186345,0.1161803593551543,0
2.2798789528261643,-0.6675738465950061,0.4173440409780374,0.4243103651114351,0
2.320543996585085,-0.610777945152755,-0.07271152057208052,0.46448018475571834,0
2.392303637986082,-0.27254149810914263,0.5164825291347355,0.33947624027580886,0
2.221846440393367,-0.18536940569463203,0.21638609086511215,-0.2549902626031472,0
2.4794774595035114,-0.09613209887580805,0.09958824855187844,0.5517299144378891,0
1.6934058314679064,-1.0525882186686752,0.9152115559839891,-0.2431722857256373,0
2.011938497138037,0.13615720489479902,0.26752485223517164,-1.4523561428249525,0
2.583240075065342,-0.6023039364972173,-0.6441274019901839,0.3573484485433503,0
1.5969855569413673,-0.14398075000371496,0.5208126231111352,0.2060395974678208,0
2.4455946484144717,-0.8441973757360793,0.8901267747801072,0.9174364434999153,0
2.644486795297548,-0.7359202953065503,-0.2692733413217445,1.0248753297229927,0
2.250177223185058,-0.2635404523868646,-0.08426500204674947,0.016685664307762242,0
1.8642789362962433,-0.5904988052503507,0.29301724674029933,0.6640151466644867,0
1.7745745097684178,-0.7772487895568863,-0.22732350890919706,-0.06759100182259539,0
2.07227334970987,-0.4816794654655945,0.2560008467969169,0.002478008511506645,0
2.815882583584862,0.20124956629651136,-0.013000870898097885,-1.1802588650784218,0
2.3660764427438665,-0.6901426616000155,0.18103858212232787,0.004384906244179768,0
2.4124267166212783,-1.5982085564836657,0.6667283257579579,1.899189495662174,0
2.1417023563648976,-0.2846851417879869,0.08430106873924022,0.48561690933915896,0
2.463193613055069,-0.13666656710637737,-0.36226905767661793,0.7092719422703117,0
2.1815891509080525,-0.3824661505921031,-0.11064970269792743,0.3512045821613844,0
2.1918170634626923,0.31873575088241285,-0.5604774589932837,-0.1351193275983385,0
1.9755941272412878,0.30557922463416914,0.16429172841350037,-0.5007109742806239,0
2.2920719326697854,-0.24623182197821963,0.05945993481880647,-0.8853461499783668,0
2.1257891347756575,-0.5472589138825554,0.24719004835597994,-0.8316785736791175,0
2.5012194515812367,-0.5756677670811516,-0.012355830973561015,1.0784427341158453,0
2.149729142502511,-0.2543046531402158,-0.08441051415975452,0.349510966608945,0
1.9833108771633285,-0.9651084539363072,0.7733439894637478,1.056876658623715,0
2.5707692227965273,-0.5532656000486275,-0.08439280487413933,0.894603978868355,0
2.093259778006095,0.0003088403383164995,-0.16206945652660548,-0.6303534678304678,0
2.0111199003841937,-0.6276821832636462,0.30935938277489367,0.00501500740541821,0
1.755259025158109,0.22801538861746112,0.32593979253236893,0.39928598336143917,0
2.452807338577529,-0.3811437117113613,-0.11927429068000561,1.1526385683015932,0
2.0872150734553467,0.17694150866191882,0.2859086771335752,-0.014740985887963041,0
3.0084374514463197,-1.042493381772237,-0.43180624187063554,1.6685788537065671,0
1.8334504944315773,-0.8160135472029957,0.010124069892717654,0.5524279229689111,0
2.248079443658244,0.033111457783400564,0.6064876649500731,0.8259600485000406,0
2.242205757343137,0.024405402809132056,-0.2456460597959628,-0.843730517879184,0
2.116545884633753,-0.15443207998818506,-0.05965635302755608,-0.4211956369775537,0
2.253379329251894,0.06821352736872144,0.16087349798043443,1.2309294533536133,0
2.41892741549393,-0.39700661974761864,-0.24777049427367928,0.741500155550892,0
2.1863753416385627,-0.5364833124685116,0.23333489657764447,-0.3219782245935798,0
2.185150234991441,-0.5993677574644959,0.4254721365567388,-0.10640921920458508,0
2.6987569637178312,-0.6469613610139604,-0.31157371231155934,0.49488808311565646,0
2.550726556829158,-0.282531259749721,0.4546750989933045,1.363911108950791,0
2.281673612989498,-1.0644498104047238,0.11207878590884707,0.832019713653733,0
2.1145984152029733,-0.4460430032773603,0.01420731493722866,0.31064627875811407,0
2.3415069663161763,-0.4714852599470321,0.4785877526439953,0.8269574442889179,0
2.4117998924992614,-0.8278936304113033,0.15586584753810648,0.34478607034178027,0
1.991870017175137,-0.8916713609598516,0.4946900380598252,0.6492743644330715,0
1.909662127563562,-0.6900669889331887,0.1660820459616009,0.8893536532450202,0
1.8947006514612217,-0.6411079773540974,-0.07908898953076937,0.03818978547415284,0
2.271300670101739,-0.21340013114989476,-0.002144892898335782,0.22249066248677882,0
2.4979585149915255,-0.7615016881941811,0.36424756508400685,1.892094835325505,0
1.9190359516203424,-0.2895293645513104,0.45575110123075374,0.8263570406038017,0
1.506089705185434,-0.6682197809839043,0.7419880624036546,0.7682493397329491,0
2.577755580700197,-0.8050211663317239,-0.46972140127297096,-0.27861937975787743,0
2.027815941014377,-0.940730518643879,0.2524644300690302,-0.35368529003893545,0
2.1332985335152186,-0.36369801918053174,-0.03847129764821531,0.12442131092292796,0
1.9273132162383977,0.2808110152549069,0.5642649154177254,0.14073096018211817,0
2.533077635583511,0.2945708637664727,-0.554030020304361,1.1956718181231152,0
2.3686449184998994,0.5593467830377343,-0.10478921064255044,-0.31924013150230723,0
2.362262930549971,-0.6406511092618103,0.21538771186410474,0.5412605279844145,0
1.9021802845608204,-0.41928961791896946,1.0680008188038985,0.6281068789639722,0
2.0504419788206554,-0.13899101760580057,0.11597011606575242,-0.18793721025818555,0
2.1193910249238677,0.0033647189867198955,0.6559647264619066,0.2695100182771165,0
2.34506084794062,-0.4820315342068612,0.5621397222130365,0.7974714287055381,0
2.484991155899052,-1.3878018428259953,-0.0744720437992651,0.8332001088757705,0
2.5460146866174487,-0.7799566284724624,-0.16333702553414792,-0.6971660458616745,0
2.0919959900784804,-0.08914821768360166,-0.3563072640312793,-0.6138232754424019,0
2.205919575462575,-0.6046970854352406,-0.47353871591729096,-1.2481430678651826,0
2.0103087095940384,-0.36019618728825537,0.18420759250497912,0.4423200299028115,0
2.442378742178824,-0.6937218469680415,0.4303581194206672,1.704736304971891,0
1.7858213902660334,-0.3401654883163495,-0.08609761683114377,0.8525947353763567,0
2.2692310523428216,-0.3732424505260335,0.038615838460921766,-0.2688640119964285,0
2.190583551165079,-0.14043881246838924,0.0961763524505251,0.33408860120088807,0
2.3410310205087197,0.10390569506050569,-0.23099435478665886,-0.4662080003214137,0
2.279329440978459,-0.7441546157521352,-0.16252312240919115,0.03664439376285141,0
2.406305271541296,-0.36643477596512086,0.7346475769741725,0.6681361239507365,0
1.9687441451935757,0.10030171169690073,1.112600111773067,0.55045922337458,0
2.3578548020842938,-0.221451213521229,-0.31341395206802225,-0.17713102383115611,0
2.2860479557657034,0.341413433908119,-0.055901501479432465,-0.03719596077836659,0
2.0609877941778656,-0.1913386832204907,0.251868116254531,0.6812177694681774,0
2.0332228217381054,-0.5848433468810571,0.5704302892381583,0.1330989971809453,0
2.3213926451286166,-1.027807089543516,1.0484096539152252,0.368501065957354,0
1.9054251654196754,-0.4536063018003878,1.4831717805555076,-0.12296770857163912,0
1.9554531769907437,0.444989414537352,0.7254186941168254,-0.29388792868050945,0
2.521962004576159,-0.3705098787068549,-0.3543610451492142,1.0090285640586063,0
1.9488580662321464,0.32590458312647713,0.01134287185503032,0.06978291076378683,0
2.184838957755518,-0.10268174311589118,-0.5051367137048236,-0.42735661929646934,0
2.5644222051629924,-0.582768878892711,-0.26393509353964667,0.9294235545469985,0
1.9723569510591121,-0.13969780554763847,0.829081165940317,0.964079066224928,0
1.7766958144555494,-0.6625749613923053,0.2642398253628459,0.6963777690986286,0
2.146987465537676,-0.7633427826348523,0.45731207583922573,0.45909348797786254,0
2.0964659466756985,0.4316937897268694,0.07880223994970197,0.2672037103360296,0
2.3800306295003817,-0.6891152167679532,0.8152681474542616,0.0042782314390488,0
2.448406086031054,-0.9336735318471657,-0.28211706937205944,0.826133375406257,0
2.1879765352298244,-0.22026816610547365,-0.13565740204496457,-0.4199881849409845,0
2.016569221833857,-0.10026034408717026,0.20644217750362145,0.24244633601619245,0
2.165059280159736,-0.40432971409860746,-0.12558631970621825,-0.1170303362106946,0
2.626326349236032,-0.33381378934698896,0.16282588970950743,1.4155086305950269,0
2.1863894752584954,-0.8218545395085526,0.0235235752395758,1.1981754289610211,0
1.7446222800373496,-0.6338848211483847,0.1587851567207739,-0.4887679192907349,0
2.022974923265702,-0.2500748365657936,0.6048512842375688,0.6778454551367755,0
2.281550033848185,0.09024013779992522,0.9864579677150229,1.092149578735877,0
2.0663620499433435,0.20501968175135782,0.16179709057858943,0.34044242285784004,0
2.0880972579407335,-0.9025809735884338,-1.270842099617668,1.0550522556387913,0
2.254373226065791,0.3798877319577061,-0.07303627065668276,-0.8188412885229345,0
2.109733013167932,0.07384587237295367,0.4003179112213765,0.9203835746575753,0
2.3629626523734903,-0.19403273302796262,0.3362410590269789,0.8136995850774701,0
2.214375449569845,-0.7781360262395132,0.39499495654831224,0.7913399083161701,0
1.8919225369755048,0.4513890060274515,0.25135757658814234,0.2086021297640077,0
2.093168355348761,-1.1840557853168945,0.18871998758384048,-0.4489387318102874,0
2.0128621037189696,0.07713686870359378,0.5144372268352245,0.05216034892991984,0
1.9858451881544272,-0.18927851665446813,0.14567619511139665,0.11857997713873829,0
2.243535153456167,0.20064137174666022,-0.5271386766499218,-0.9517314775796316,0
2.6472625854207483,-0.7230135871165215,0.1873209297288633,0.7467244505511905,0
2.1806517343594094,0.3308213888451062,-0.6200835973691493,-0.6889324307055252,0
1.6555564380549492,-1.1990671377000364,0.37075722365295494,1.0610331732817693,0
2.056379416683268,0.34020451492423504,-0.5078478060760113,-1.3569395403339148,0
2.138375276385804,-0.38697205562875575,-0.61549665176668,-0.483352298105946,0
2.7310268209577324,-1.1238104739351045,-0.6795621710556179,-1.0094307867373113,0
2.1973006650278313,-0.29335840491456466,-0.24948947313340758,-1.2034247694030615,0
2.3410774928802427,-0.04697408566444618,-0.42121850242313863,-1.0008688722752797,0
2.0562935490116296,-1.2222582216566211,-0.5914549271594608,-0.343006778682421,0
2.084746766588357,0.0636699853987307,0.27411267026580366,-0.05534347082799691,0
2.291490169440633,-0.3324901860333077,-0.1624801321101753,-0.305109856946961,0
2.016650911571993,-0.12084306383306223,1.0621328920418285,0.8294960788126082,0
2.1002201105832334,-0.26483901896467943,-0.2204364874693218,-1.3488895929728681,0
2.1228726703285483,-0.40038795168645586,0.4514872690385768,0.5248550047453354,0
2.38796391231328,-0.2062048306214827,-0.4162637481911401,-0.2667521256166281,0
1.6922625052827374,-0.16408475670915312,0.4463864556925521,1.4825999884140324,0
1.9499058921906605,0.056096965429848024,0.14973330754379138,0.3130048240091095,0
1.8596101215943024,-0.2692526958755793,-0.08326602435322848,0.26342381099836704,0
2.8549419045866062,-0.3050252265177402,-0.004739505102072013,2.0431294775890105,0
2.185600295742747,0.40110685788857114,-0.3795432746057142,-0.6774335710944211,0
2.23876491213656,-0.20095576256301723,-0.28291397209332425,0.09132817089200371,0
2.3466641091793243,-0.0652304861087354,-0.2179436410042105,-0.5951723891500359,0
2.1620133102448613,0.10539290821485293,0.06088917809171883,-0.5039262839582469,0
2.2899105155583874,-0.6965305446737836,0.20009459070476,0.5248131473777414,0
2.3607743071877167,0.22388021923444407,0.1515044294120954,-0.43202693159218736,0
2.8261448607405004,-0.23460904046481,0.24465395339951643,2.673903572242643,0
1.9482030119985412,-0.3124620233871808,0.5891224733430995,0.5160891804504217,0
2.120056049899111,-0.4889596651258794,0.20922019085414473,0.015557611111963634,0
1.8378054053497777,-0.7815863943954384,0.5195659196095942,1.0496469350525288,0
1.7830720885948532,-0.2529485842373312,0.787931562082363,0.41727039710074704,0
2.2157000790664085,0.2429290163593,-0.4892551544162751,-0.8756369067084875,0
1.899202998506208,-0.7012802935224194,-0.3310141771541328,0.04217339534694734,0
2.1519803614306037,-0.08449128131694614,-0.015110916674778348,-1.128942124509967,0
2.3636939461958386,0.16705170027738953,-0.3443979199819036,-1.2917274978595894,0
2.0962315676224783,0.15846078206713207,0.3301998550842812,0.07627370455756233,0
2.159806512270348,-0.3592747369632674,-0.07986720462701655,0.3693444041265093,0
2.170564801949094,0.39086745730552724,0.10980211145141987,0.23944389296496993,0
2.5068205577123033,-0.6724842800083632,-0.06549154436167268,0.8111512575521654,0
2.357508556247853,-0.9244886205490285,-0.13143862261862926,1.1345201645192349,0
2.0019721078620902,0.9482536783343135,-0.38516286843509395,1.1406553211865194,0
2.396064515933759,-0.19218965459324486,0.2161254093837142,0.7681118097165179,0
2.28283430850652,-0.12926119902919525,0.47351103189515414,1.9947574417396952,0
2.094102003545116,-0.07226990564725141,0.11695404324193234,-0.2903424536483732,0
2.438114880886552,-0.40629450166916875,0.1943000894847499,1.0958931415222437,0
1.8356096450267152,0.2382432423128653,0.6580366931866826,0.20146565846567585,0
1.9908931089618356,-0.5303714016901054,0.4546061265664699,0.7668934545290194,0
1.8284363196854576,-0.4232884768260837,-0.12663232998028415,0.6695652630334754,0
1.9627061452850407,-0.20025424264860367,-0.29595098869790387,-0.010307126248156745,0
2.3921806113840964,-0.24054813315133688,-0.6457228665958873,0.34717410922376685,0
2.0524003713797794,0.35548515477490505,0.30761220867559014,0.4904203020528277,0
1.864992991521265,-0.07567504180871149,0.22270708076731108,0.4385295625645336,0
1.5758263574643188,-0.7041525375141957,-0.13493823706038785,0.02184959712415402,0
2.5891206972447067,-0.4986181588613283,0.18578268648000532,-0.07730727381648586,0
2.2855022747731764,-0.26393409402723567,0.08267985883615227,0.44748630595246386,0
2.0493834008667906,-0.5607674702341181,0.4352849180725309,-0.04782227415935884,0
2.1082270024140803,0.15538853326928465,0.7060960026081221,0.5073056176473062,0
2.2429431769857535,-0.4559585300446429,0.1540183632829093,0.1075522854519817,0
2.1887789069924213,-0.9874122266525565,0.8625484025355996,0.2854189095716535,0
2.179204951852195,0.05659382395458226,0.6345797119821482,0.023817635983956996,0
2.226265595710616,-0.07980165620633334,-0.2417121164203535,-0.8580866108183512,0
2.3782623777653122,-0.8427449372565682,0.4249502228817399,0.7858985842271156,0
2.32668839227853,-0.6676423455772295,0.26921359899660297,0.4811808195324809,0
2.6979889035564666,-1.3797236029747202,-0.140824217014914,1.5471448411847133,0
2.5487382663613802,-0.5232572350459648,0.2793653554129286,-0.5684005309152627,0
2.0406598287035735,-0.3617373698556189,0.1288927928475758,0.34591569660629545,0
2.2439507805849788,0.03286647247666123,0.6214988479349836,0.8316522098150602,0
1.8965370399219046,-0.35498258021933105,0.30343004004476154,0.0023772142113830173,0
2.398671416062153,0.011925680115552348,0.39450615949659434,1.188399115312894,0
2.070530548901173,-0.05348825413593324,0.19947998000740097,-0.5906972791773096,0
2.071142113687996,-0.12261005435504635,0.09457078026410749,-0.04003178692386948,0
2.1484557220004694,-0.6901759535384826,0.24757724914228543,0.34746604772713874,0
2.274626171970256,-1.5000574147289227,-0.5629596449701059,0.060108851309173386,0
2.3629552010156862,-0.5190842635210099,0.16867221357235734,0.7017293017257611,0
2.1153384846301764,-0.45733550816780694,-0.5747370224677073,-0.4526881757905674,0
1.9653601227454398,-0.39922932986940823,1.2155149358606843,0.8386646963088391,0
2.2460005465017985,-0.39995660763322716,0.29539824075566345,-0.19588643547205473,0
1.7679572640493586,-0.13823227350507702,0.5398956791698614,1.0362667869738293,0
1.6576647032850436,-1.7036888796486267,0.049855158488550634,-1.2757830224395397,0
2.9125648784324483,-0.8681761203030013,-0.08546542950203517,1.2115570149121657,0
2.240727170798385,1.2329337720269604,-0.513253859506733,-1.4877384792279686,0
2.2019102918851994,0.2365862285720686,-0.4637577330710286,0.778667036974871,0
2.342679548453247,-1.0674828177297822,-0.6293287199369284,-0.6065577484722521,0
2.2339542933072254,-0.043996860661073646,0.020864790286338905,-1.809756740165751,0
2.0932787825029866,-0.04266578407119853,-0.0744300210562457,-0.11813412728874319,0
2.3043784037511617,-0.6654418018965611,-0.09053617546924489,0.26017859459883824,0
1.6862994877849757,-0.4184731238978014,0.0744689697740673,0.46551379703031376,0
1.8954315594843858,-0.09759854013199486,1.7889399085246565,1.371489721418283,0
2.482732589394421,0.26355445872627237,0.1742263591354417,-0.03483894222350987,0
2.0904724008262523,0.08609209813752364,-0.0243188887274199,0.36344920120107266,0
2.2960895850766283,-0.8656059480068726,0.242357653825478,1.6065231163601876,0
2.06873465692188,-0.4975035104300829,0.8040313275103658,-0.08814331431923197,0
2.0934750480004114,-0.20137593759508504,0.2742354263203634,0.5132983714923511,0
2.152022309388542,-0.227642162419585,-0.19273542072495625,0.00969487037852535,0
2.1262875332996125,-0.069883712267032,0.3693333162784971,0.19393649871555074,0
2.5906370418991593,-0.6000137388955573,-0.46841457275159676,-0.8554504229407123,0
2.1908033466523107,-0.3659394177691272,-0.14776933043852739,-0.3435249476055307,0
2.2296237616542416,0.4665919063455707,0.273953999237523,0.11736992720210837,0
2.476528231227611,-0.12771584716296935,0.0371867675597673,1.4496944499722313,0
2.7282448066308467,-1.052625135365826,-0.7822983478925318,0.6587141824832318,0
2.2675665835725924,-0.3455752682808332,-0.06567254040695929,0.0773957056514365,0
2.1407368380877565,-0.2989965654950429,-0.19598297348249905,-0.752534808392135,0
2.319863916342743,-0.29749369408897364,-0.514983375061988,-0.3083379034332726,0
2.1932421296395366,-0.4971224843538287,0.09092162520879443,0.6953080295139872,0
1.9524925314399362,-1.2219301928365665,0.23851688464768842,-0.30315493060227117,0
2.0429012769254413,0.3710692635300845,0.310408442934972,0.49662243533994854,0
2.3922056615753275,-0.009488871904037629,-0.30304675478117094,0.14940108749944092,0
2.0236803037009174,-0.699502824020489,-0.8830707970655296,-0.7210571684670931,0
2.1377945997657943,-0.4222950255919698,0.43671471557633923,-0.4633269045685723,0
1.9532989662048554,0.18877171172103724,0.13391849908955075,0.936119322967944,0
2.486827091374564,-0.3080218036304658,-0.051191850105331026,-0.38466000916648063,0
1.883206871225868,-0.546290804287632,0.020473039683799727,0.2381487359994221,0
2.225744704855364,-0.31072090767948024,-0.2361437311621947,-0.48028677605091813,0
2.0728849045084226,-0.49230807887984934,-0.07515126153111204,0.10907916351038835,0
1.8965950512121528,-0.819152731278467,0.5933132863142497,1.1294809007244773,0
2.8173091708895504,-0.7481710335259711,-0.2673376684465939,0.5812602575450954,0
2.3368352208413556,0.4645667627118376,-0.15576145322771665,-0.0253314442121482,0
2.542745542999471,-0.5353923552393746,0.32308792373142425,0.7938551392078563,0
2.3482997878510385,-0.5105296830192686,-0.2310438050710879,-0.008895137489035185,0
1.9017687186095686,-0.22394270384013765,0.5880740063964517,0.5940349996853981,0
2.009716211390921,-0.24013816128661084,0.29258016601308473,1.4845708462914138,0
2.6154209422033032,-0.257752197195805,-0.39112696844865336,0.8162303358284828,0
1.9537882447988442,-0.01850535836547207,0.3722385290184937,0.5033864783117108,0
2.601661213425218,-0.9156305712572633,-0.6159809545815318,-0.7480883074432786,0
1.8420664856141435,-0.23899125547112327,0.4305083770491271,0.37125069731881877,0
1.9883524538316069,0.23758129398880676,0.09452767984612769,0.4835867910823716,0
2.1926579176881713,0.02762960291432847,-0.026391857449716866,-0.258315180101364,0
2.3130913620241613,-0.16882236544657866,-0.2997139209070156,0.18401933446715213,0
2.172518878220542,0.15634191554828727,-0.29775052590980694,-0.7440418931334555,0
1.866235822024958,-0.22434482762795316,0.5546262634490914,0.583382179752188,0
2.162297520112721,-0.4528296117513276,-0.16008806466895392,-0.15607821937942604,0
1.8794028607745648,-0.3094838397553802,0.008535906543409659,-0.09053449967845344,0
1.81018414798247,-0.1936188968870297,0.6860488089666501,0.8054852343827715,0
2.7968916524001024,-0.6330175656221276,-0.0994303187932026,0.34434132979119014,0
2.0096793928047676,-0.020683886458458554,0.21242160908244548,-0.05631040635916536,0
2.126973087095822,-0.32255746583097433,-0.09759951971636972,0.11282410007410207,0
2.253621983907092,-0.25878158348701147,-0.29555561444974776,0.8069113726999014,0
1.6258914157265583,-0.2899038053116013,0.4053153725379999,0.17913833060635379,0
1.9665819254403896,-0.49029674394444706,1.585891936665576,-0.04442560161573497,0
1.9080971204405777,-0.2634297055344116,1.554949258144748,0.49569064968041887,0
2.3797497233882554,0.380024350897089,-0.9969382327142463,-0.9538394331954178,0
2.4195241220524326,-0.6250234457931573,0.21974398902911668,0.02365227021619509,0
2.336765802189109,-0.6487056416832254,-0.08107711076274728,-0.1798671350582808,0
2.2485085534265212,-0.10069019379994887,0.2451710350925804,-0.5526938713959254,0
2.250715355308022,-0.4024626569975375,0.793233166298786,0.284882195716924,0
1.9745628944958615,-0.7880264177303293,0.24977552300330408,1.3808502690725657,0
2.328738657348524,0.18020100678682133,-0.2931131874388742,-0.19921646240166663,0
1.8031101973157455,-0.7542521163298985,0.504175939742808,0.10653287975780477,0
2.1728646467331036,-0.5303173124509196,0.12440355294851707,-0.026575551120889978,0
1.8900160078425126,0.13539557985465825,-0.14883381595104794,-1.1648123619109418,0
2.2547362980695036,-1.5624037997577134,0.4686187450974292,0.6541277069185524,0
2.1417074842921364,-0.21737089047008337,0.5135526220731585,0.007651164519961333,0
2.5985033672670395,0.04136600679043241,0.14393754300053002,0.44156407002535036,0
2.0142338361873406,-0.12599391954710853,0.4701538109615323,0.5731310487042217,0
2.3009288329740483,-0.32766308748980244,-0.3742048341752198,-0.6200798502152601,0
1.8100764762759085,-0.1680734644649143,0.36166503267070615,0.3605533679342367,0
2.1940604757867272,-0.537140811268561,0.20376626162246278,0.13886084763152676,0
2.660993168606973,-0.6579682708327208,-0.41512667535894526,0.7343247461429468,0
2.5474023625480493,-0.5156607533934505,-0.08826533547302706,0.6814307496896078,0
2.3687601690588735,-0.849658187911335,-0.2726227604478099,-0.6438147771599625,0
2.181924946787446,0.7180880797573057,-0.08630255948883837,-0.7175878736637965,0
2.035055697477402,-0.45900136278245773,0.22823761387986277,-0.5766990769128562,0
2.2099798214670705,-0.266358658383736,0.06610846280543965,0.07222836427237452,0
2.265756229909515,-0.15921708018031153,0.38236671615541756,-0.08586060677005883,0
2.3051146333818866,-0.1337853836620452,0.3681270625454866,-0.1294101353387648,0
2.0058695488998888,0.5122136983791132,0.07484916193124276,-0.17628074559949922,0
2.1465359256884264,-0.3039669744077783,0.013897458940599022,-0.5130791702595604,0
2.3232953983369833,-0.10998998333214781,0.05419838814008533,0.04055980771223229,0
2.2817907741671233,-0.4034497288813597,-0.49121331068761814,-0.046070567577306945,0
2.1151674071554982,-0.5533495058272149,-0.2532914510177058,-0.4116497715715125,0
2.4013811738282014,-0.9874100332316877,0.4941608144798379,0.6094316326008455,0
2.283759022333299,-0.3390268591818714,0.15791285427644863,1.286270384239862,0
2.2142303300981294,-0.4803028925199135,0.3499797744571449,1.0419958127425788,0
2.919439228464122,-0.5079765592312449,-0.19566128980896846,0.2475925757402232,0
2.158207729060864,-0.3628738055641384,-0.08691587703741302,-0.06195673238571241,0
1.95766664263085,0.44437800959220586,0.46965801922189393,0.07540380643075816,0
2.264164717998588,-0.4971689964199682,0.14922087362566383,-0.03178069812388601,0
2.2787972385554918,0.5642999027378407,-0.09240350009614973,-0.46547235692479577,0
2.428161569211766,-0.8072020517961781,-0.04734290436432144,1.4858183140217074,0
2.265441157387932,-0.2885373823751018,0.04314161182782061,-0.028655403092605218,0
1.9430183566479602,-0.09347573449661864,0.3857330140170296,0.045896414650219285,0
1.8789366917695742,-0.17056844491418996,0.4714427567187634,0.2221768723325977,0
2.040197459359932,-0.6558823457292154,0.5976415019966007,0.6910726746675747,0
1.9936605704321908,-0.03050900235617567,-0.4534899244811677,-0.7595558794967079,0
2.6484898718822496,-0.6120050343597763,-0.27923251692176565,-0.5881057387602817,0
2.2207186171734645,0.2629797415785089,0.036724730301475106,0.5681005656445653,0
2.0595054756405022,0.27151771725679125,0.5358434763332257,-0.8551957251650857,0
2.3568486346832227,-0.21409569116604338,-0.5220761021002911,-0.10482465796553603,0
2.0196331846766196,-0.10584853055491547,0.1884905932275936,-0.4126387033741713,0
2.270180116720142,-1.201017931216366,-0.12150298754105356,-0.10333685571802853,0
2.2107436711966346,0.14954718396495487,0.03883061353089835,-0.20715333968781746,0
2.139548013545631,-0.6725408301216304,-0.16460002646066096,0.5759349070783908,0
1.9429011905279834,0.4140475404197266,0.3131334103087593,0.3073224417961232,0
2.3565906831278514,-0.3526247245467029,-0.15646990603495117,0.301571580770476,0
1.9441577238238708,-0.39340546037276275,0.8125314678712859,1.2364269738227058,0
2.3092339568452016,-0.7853330784875223,0.5558125468179752,0.7938056610473739,0
2.145234878516301,0.09745653726736861,0.003428762413953418,-0.22302492159031173,0
2.552798332910988,-0.8697582033951105,-0.49652956164571477,1.2177376773495736,0
2.247698638238506,-0.5156226730596906,-0.04589703586571564,-1.3358551838074362,0
2.5287443879039295,-0.5615945689727861,0.4306297005251816,0.4581329344450458,0
2.103401097958757,-0.3385994657519551,-0.1486332322958818,0.22325362689776462,0
2.166113910560642,-0.09582811303173652,-0.7941151762305046,-0.45229850770089347,0
1.9314836205564763,-0.8078754182860796,0.43537873951513584,0.47608487623049006,0
2.0041708745427407,0.18769541277075807,-1.6651337482765127,0.7692961052375743,0
2.243560808451055,-0.6899660497370197,0.6691038110613601,0.9495694211166089,0
2.088286670373068,0.29678798452266963,0.34147818544242287,0.45290302371147173,0
2.658926197205486,-0.7326690755770012,-0.35916828670814166,0.09289765214540614,0
2.2460196157307126,-0.6985582663503637,-0.40734220855200054,0.17804228688165127,0
2.3637124626174004,-0.3670740708112123,0.3569380861573181,0.6625682243441846,0
2.1283993564764074,0.10424276700921449,0.053413911611031116,0.06889065820337391,0
2.4642688716795638,-0.7861725623811291,0.31796012312839816,0.09410563088714373,0
1.977261203266059,0.31843851396540895,0.0007118625116185151,-0.043657002066588735,0
2.516545240059278,-0.7540799777544824,-0.16295626077114955,0.5772413905024565,0
2.22684914381992,0.004079004631398413,-0.12887149307810863,-0.17390139893037423,0
2.1074102209199044,0.39679979885544436,0.0684071379122403,0.288760949326324,0
2.062370956373282,-0.41901479241781203,-0.3141835289271463,-0.6336748083864658,0
2.335387492922839,-0.5003498392993729,0.7032597788397082,0.06373267250401096,0
2.204820343161292,-0.3243968652755293,-0.004573575277764841,-0.36396982458488214,0
2.157376401242817,-2.1578925784576635,-0.09063666347532144,-0.44986172125564355,0
2.0953049858934985,-0.21538796651613218,0.014411633492498554,0.15831468033495422,0
2.228006085651738,0.20661972302681778,0.39858328178518654,0.2560776513725628,0
2.313999697487063,-0.10644407705655004,0.22335367886659083,0.8679372373329592,0
2.4016199148213313,-0.6735728297923793,0.24361269279766948,0.013676008052402218,0
1.9232113311158108,0.23746598063299448,0.048415153023863906,0.14833310046441148,0
1.8168520994956345,-0.7699855045787521,0.011510334195408088,1.0918070737940517,0
1.462546753793285,-0.32855779401529145,0.5247310356845851,0.7479062499017763,0
2.2144885878668807,-0.34392357532109064,0.7308356932028747,-0.03806266045347138,0
2.0317460291612384,0.0035670802118220866,0.5254169481888618,0.6742521719663197,0
2.031548419127725,-0.0719976435330032,-0.010047685518967626,0.04816730607755768,0
2.0067012046470247,-0.8959436989159606,1.1505823581596781,0.06542402289115173,0
2.37581526231704,-0.969990002248183,0.09823053761779996,-0.2680399911677569,0
2.5563345504408397,-0.4769841749772339,0.6215855559183059,0.5138169948005565,0
2.0544174250506155,-0.20148689540752004,0.26799488077477973,0.013273524706228099,0
2.159430988935721,-0.7618418978020338,-0.1913815672913202,-0.2622402291601942,0
1.9423140181489758,-0.4692132698708715,0.23129446349834906,0.2717799038192708,0
2.6065044797561443,-0.04403052779678953,-0.3268605859165493,1.3742983931634198,0
2.2902023726689777,-0.41025339003642597,0.5504340025691432,-0.059881487729516826,0
2.4933089775091726,-0.5045017274937041,-0.11627871750660791,-0.6113700736252812,0
1.7776144139612382,-0.329043974012952,0.9068585596173409,1.1509935779217495,0
1.8312004301922864,-0.5986325565483601,0.25037313657936167,-0.12155467360380201,0
2.2682216829585906,-0.6126894094684942,0.23978401481184528,0.2577066760821724,0
1.818538156315383,0.07813547650165653,0.5164435825669161,0.4140221614763171,0
2.0031973112612356,0.3343129680602716,-0.18796796303678762,-0.038888084992365166,0
2.093642744390788,-0.3447286324050814,-0.24187090748588938,0.059084418766369065,0
2.302274894657621,-0.27545230405266313,-0.05242891148561269,0.24229679031390067,0
2.4737098397425203,-0.31314663594114966,0.49901951192604843,1.340301886928098,0
2.219972380431802,0.13381088091375626,0.6205361582753409,1.2951344110785263,0
2.168694776231861,-0.011239171584241588,-0.4322549779376164,-0.45547548934489973,0
2.3180300377643035,-0.9152554761842708,-0.3221476164396169,0.14059972809602916,0
2.15221495589131,0.8404849400167246,-0.6854040921928453,1.2957912770381737,0
2.253839295154766,-0.39716684053524987,0.9415363364306122,0.08696988933918297,0
2.0233592203758657,-0.5494458820892568,-0.47504538304534133,0.7543459997507367,0
2.280009282311632,0.331119868166647,0.600318160988224,0.1267760361218245,0
2.6452988611201382,-0.1756822740638976,0.6812783847730217,1.3442145860135966,0
1.9968844442396654,0.5697800115479603,-0.44187985585443973,0.2514077751247216,0
1.9586372926227569,0.1895110294934969,0.7099409571927454,0.47399781033680377,0
2.2521698932087464,0.4290963776849465,0.8476236434925333,-0.18482516558468187,0
2.2089401345995707,-0.22840830207416732,-0.12311555656684135,-0.13879038686048487,0
1.7111219739088213,0.10194273983261784,-0.9723894525055874,1.0721646665116167,0
2.156318673675594,-0.0639450075347433,-1.071853853921241,-1.8093603344848797,0
1.8473461977525323,-0.05662910826094512,0.8451949796638252,0.15735072247917778,0
1.8714873795615443,-0.1689329872113764,0.5184165037379079,0.8100781762957442,0
2.1847777653942364,0.08181838293197216,-0.23706612309453423,-0.9601236345116949,0
1.8781717539771725,0.7218642401590385,-0.20592305922061854,-1.6496007309107985,0
2.076091089177389,-0.32013519779458155,1.1242673101966492,2.091678061790304,0
-0.2970383141892428,0.5283189719687392,0.45292766537625656,-0.23418262932465966,1
1.888191203750868,-0.21063914701903236,0.7759708149601215,0.24534802434550565,1
0.3664770708236792,0.12649847612175838,-0.41585215671055337,0.5314685103869936,1
-2.3526717474695147,1.115894553467549,0.022411422258120775,0.6639582509442592,1
1.5668505075641892,1.2717413951130763,-0.5058064488624878,-4.055012011305061,1
-1.6709400062663735,1.9606535185677045,-0.33986650780870975,-3.3897947716288197,1
-1.6887537662536118,2.0246726900985794,-0.4117315367882673,-3.9689969228183486,1
-0.6635984823192473,1.8102477736504279,-0.6988847963638364,-3.822544187975123,1
-0.8881273042376269,1.5990548314115869,-0.38657664530553193,-3.664639249115635,1
-1.5672370026718645,0.9433514488664478,0.876195105397118,0.5203059638484627,1
-1.5632524851741452,0.9559387574353294,0.9049632086027505,0.9454096787374717,1
-0.5558228539012632,0.8053911790661731,0.5459131230485007,0.5125989593701893,1
-1.4022265396672968,1.1992713032952451,0.22154612340963045,-0.9443209972935502,1
-1.3832151123246277,1.2776082960323256,0.29263272176942107,-0.5086105574620913,1
-1.2186394653713626,0.8746196082612767,0.24143418305829398,-2.056306078676002,1
-2.267631927585334,1.732122143052674,-0.6272243095143559,-3.936835571108815,1
-2.3459486445964792,2.122327046284458,-0.4984249596750255,-3.806647400300025,1
-2.2480719989985953,1.0597603774932063,0.7490862890175503,0.5873501878500395,1
-2.2243662324190634,1.0409001252254324,0.7894779906286612,0.682609809606058,1
-2.068244682178072,1.3830519729233777,0.13774648098650275,-0.8650767511129862,1
-2.0594456043348757,1.2969645941541865,0.13486142911086477,-0.7819546464949566,1
-2.6633519646999977,0.9017102948312625,-0.34211408857949444,0.49305364079666575,1
-2.576603577331396,1.3748645717002455,-0.5057603061254852,-3.3337522746642616,1
-2.5673378245713345,1.4315389719048592,-0.5097094565275061,-3.394482434546384,1
-0.24615795833030105,1.2959682092752434,2.18574618799968,3.5058342562413403,1
-7.02420947510905,3.8720861277066034,-0.6205867571874025,-4.4889378115927885,1
-0.8041009496268823,1.7814176386049707,-0.1382616124302773,-3.5229618771470803,1
-6.9027341737982395,2.7908316316282957,0.6673548482916846,0.0003939235544914244,1
-7.176363929648424,3.3277401912985693,-0.6039540367478355,-4.190797802409302,1
-1.1347426803573202,1.057190994060366,0.48979597622637205,-1.914538555206011,1
-2.9078971951500248,1.0281273777722824,-0.22882645656760742,0.19903688946739484,1
-3.0201194096046198,0.8321453274021229,-0.054252022962288045,0.7932858103693367,1
-0.051988044048681424,-1.3710257867781372,-0.70531041816278,1.9104130306112947,1
-7.480626015675107,2.9526735442996284,-0.05300352919960108,-2.7874322510472576,1
-7.092597808860253,2.4319016560112208,0.5769872910191529,0.20908880362143448,1
-7.362763992904771,3.0979323104842496,-0.6964416174737802,-4.122643702365722,1
-7.667439794052138,2.723324987970126,-0.14548906759566493,-2.7192232385480173,1
-7.729063787111015,2.690916033822594,-0.17671058269973236,-2.7427742934016943,1
-0.5018083008056101,-1.0667196776127306,0.29327278889590797,3.430894691254933,1
1.8658950115924904,0.10604824806095443,-0.2742185569771315,-0.500328442218031,1
1.948698656790481,0.2734036269918385,-0.2715272523003218,-0.7530374584530416,1
2.154927184815757,-0.5661265637166747,0.06636345171510843,-0.09653477380432755,1
-7.7850073776831685,2.649353652552982,-0.20998866904097893,-2.7702880388799604,1
-7.262364079904801,1.1165035298876056,0.6211054108450237,2.135790008496388,1
-7.162273703299218,3.6013573645904366,8.793550915565962,3.8165793434763335,1
-8.160903106747432,1.1722280511636318,1.6619493129624663,-2.569471598665336,1
-7.7446481366447415,-1.523549080668954,0.7898277817572462,1.744174318628527,1
-8.323914453832327,0.41070017844405576,0.34100796635632774,-2.6587834000701567,1
-8.364196507778166,-0.29980952948649026,0.24775612764307284,-1.8771455677547344,1
-8.423561132868006,-0.324905591630651,0.22352180648502598,-1.8899265157017142,1
-8.483008981860035,-0.35102419557055164,0.19849342807113116,-1.9039531077676108,1
-8.542982274073612,-0.3772799881832095,0.1729541984440517,-1.9187221256655405,1
-8.60248316386361,-0.40513884805202327,0.14664407399639579,-1.9347695589696985,1
-8.66274525866678,-0.4325000376054703,0.12009012462785447,-1.9511075839399417,1
-8.722675227949342,-0.4610286612428984,0.09296541404390878,-1.9683899291821412,1
-8.782929179188423,-0.4895894318507599,0.06556308705212603,-1.9860709360404787,1
1.9221566808234207,0.4556819546150649,-0.2459097567980445,-0.9770399659067263,1
-7.121019348500391,2.1156485476874716,0.5668513686869102,-0.3762805058679331,1
-7.150329034263694,2.08873032311106,0.4578331343736956,-0.3360892528211122,1
-7.208423152367524,2.0635460748235177,0.47217550249714796,-0.32353222400184617,1
1.9248418821556892,0.41343557018362737,-0.6292768019378702,-1.4811085032546858,1
-7.329447850232126,1.949994566472597,0.32800061889125903,-0.35562025847143963,1
-7.383234531643999,1.9813272985784407,0.47239603746224035,-0.31798256998208335,1
-7.44131330450907,1.9561460875268928,0.4867526340036788,-0.305404951586475,1
-7.499002778136999,1.9303992216257821,0.5010122254862982,-0.29302940771940633,1
-7.557059044758736,1.905297529779607,0.5154431787224071,-0.2803369833417247,1
-7.615096105442178,1.8802141666619174,0.5299022917872247,-0.2676024149523653,1
-7.673132091653292,1.8551735542034262,0.544392712226557,-0.25481845875097914,1
-7.731164296782598,1.8301671653267113,0.5589104918343661,-0.24199169812748497,1
-7.788892777208569,1.8047084920769452,0.5733447728924647,-0.22933495732720874,1
-7.846922771498703,1.779768602231082,0.5879116755369866,-0.21643077001581534,1
-7.90493346116563,1.7548281845458735,0.6024933790567626,-0.20350558222667756,1
-7.962937396360552,1.7299048963124228,0.6170925986924891,-0.19055353120614021,1
-0.07680843952442186,1.1023070859990647,0.3480083562907478,-0.3280226342584137,1
-8.08487073749914,1.6163921918843989,0.4722310041725614,-0.22361429665099064,1
-0.2722119792829359,-0.5895920934100627,-0.7560139439613617,0.09901868298722763,1
-8.137807315077934,1.6467709724214887,0.6166150082988282,-0.18610085975233703,1
-8.195812472398783,1.6218428435809913,0.6312098178689589,-0.17315563190825675,1
-8.253811673879104,1.5969286809657792,0.6458192616775809,-0.16018799962319383,1
-8.311806949131087,1.572030069390119,0.660442873358923,-0.14719844705291477,1
-8.369807210050723,1.547159829138147,0.6750827818096031,-0.1341824934195542,1
1.410246743822856,0.790220817848609,-0.7283878662371832,-3.724425667496825,1
1.4916161425473846,0.5684954601602595,-0.7692467674072851,-3.405616949987251,1
-0.7137727682836242,1.5615016181298909,-0.9498358845869568,-3.953491147051932,1
-0.31628371690684387,-0.22217212040845374,0.732432857951114,2.212840954248994,1
1.8067816888540118,-0.6694607544760315,-0.2169902781454112,2.0191784244370607,1
-0.23559276744717544,0.9902669303960405,-0.16809719506190035,-0.3231951671285338,1
-0.7065721080528862,0.2396327110491531,0.6056552368556465,1.1047563783812198,1
0.435408859323717,0.9035220124588783,-0.14638955451845778,-1.6888491547175586,1
1.8918032292528675,-0.232348843183837,-0.34863398487526764,-0.3334147711313232,1
-0.1250303933604126,1.0997810074925594,-0.4450571844827674,-1.71611081651165,1
-1.4285892260126443,0.6178568681459538,-0.2279860385533722,0.6750891307599521,1
-3.4522850438054076,2.2254172166704462,0.4142448997849005,-1.2141833479224307,1
2.0179556739279785,1.5528376166238966,-1.0974657323165633,0.5044934789493964,1
-1.4893397321511752,0.6514624143056422,-0.06787809493961228,0.6208234607350767,1
-3.758049940226384,1.62968206314976,1.0512039024243287,0.33165659837460426,1
-3.9078365955150693,1.7613912951401791,0.5881637740376852,0.9384920003154917,1
-3.8235095504553285,1.4825830686542347,0.9764750981241322,0.629887675537565,1
-3.951953963871672,1.2866683008406925,0.9900847590902133,0.6138983766397006,1
-3.993676401846862,0.9856313601079486,0.8226164584746719,1.381116003477863,1
-4.039925404087177,1.1898783358391989,0.20089618043764218,0.7888261041674794,1
-4.272027758000745,1.4588067996358653,0.6181336602869782,1.1001495657709526,1
-0.31107087864682076,1.879826446136282,3.671589290108557,1.9802318872491569,1
1.7549214030896068,-0.9020253001119798,0.23937676686328813,1.2601139904392795,1
1.8143589726964744,0.4138098009557457,-0.4945463840299322,-1.233558494760468,1
1.5741648841286573,0.9407329721620422,-0.7445292183029213,-3.6555103508492834,1
-0.8626576417588132,2.2358063706296587,-0.14101135636418902,-3.4965119792006143,1
-0.9755685944932636,1.324481029725471,-0.6788817702891838,-2.3082265736073433,1
-7.08936056215654,3.848367273618821,0.7979657193794545,-0.05565441338798706,1
-2.1403737864779813,1.301846834716084,-1.0858481044559787,-0.639197834162994,1
-2.5186943119409375,1.3505711031950256,-0.6268684691888018,0.4278622406120723,1
-6.954914127359368,2.3512915062248476,0.4313134130629497,-0.266850871504428,1
-7.640649085118447,2.7059087634900845,0.948885107635627,0.7880740004847286,1
-7.532528578432396,2.58055007057743,1.586774284448061,0.7881425795776816,1
-7.6963145630625,3.023542877367443,1.2788609525157257,0.7777338854189771,1
-7.4978236811942995,1.967383844427833,0.6929301176151498,0.7377067274059423,1
-7.8412892140312165,2.008884883193985,0.8922790115861574,1.430062259853617,1
-7.7936887852721854,1.959559107562054,1.253877940434472,1.3619965344617355,1
-7.916368662309179,2.1474833375531657,1.1363675341558614,0.978944630284588,1
-7.999565977319869,2.407144840940481,1.2691191472923684,1.3955706609374834,1
-7.809014066048058,1.6190935583441115,0.4915253309056501,2.043622193851049,1
-8.127708948531454,1.8966757674143548,1.832946615564193,1.5138489574370964,1
-8.135604069401348,1.3729900428472313,1.2674865122933607,1.7753244241231425,1
-8.211682234659184,1.8408421570894486,1.5124349137002424,2.1045446518661457,1
-8.036714713133872,0.7777588310357355,0.6664655880547806,2.829455664848955,1
-8.31359800311286,1.0445431611912246,1.4970073644865183,2.6381560088508555,1
-8.41510838831995,0.7058092976738018,1.2198059986696206,3.2434432610581148,1
-8.495324084349136,0.4553405318736096,1.5047839559321086,2.9144681223295197,1
-8.33961631873548,0.22961151707803168,1.8073869404114946,4.354900517630084,1
-8.196889198081788,0.7849878617450838,0.6992179168109807,1.707244118619113,1
-8.361558683646942,0.18848430144589534,0.9944109548272626,2.3797140561303256,1
-8.63381963140116,-0.3026669162138512,1.8901021907358806,3.9424504017722777,1
-8.858574521287562,-0.4663588927986468,1.8230881381399429,4.41089333056004,1
-0.4565430301476612,0.16575685281376767,0.37716340166924034,0.26110641572236537,1
-9.098123701089401,-2.1012563990609014,0.9987911179708217,3.5623421946814706,1
-2.46542259754407,1.0064468152613844,-0.05965087205632192,1.8580731153622596,1
-0.601654069241557,0.5445640170875169,0.5020243548997073,1.2566072406292124,1
-3.204400213489314,1.3973427828050913,0.15410999996916697,-0.2447868833025748,1
-9.26196408160409,-3.417807594223339,0.9981802749661219,3.6657621025284572,1
-9.040723703544971,-3.6605597956960394,0.18075093029778427,2.063124947821148,1
-2.4447633064339978,0.9878590905302668,-0.3643648402957766,1.0067673476974508,1
-0.8549958622637204,1.1705951923766478,-0.15970182857841142,-2.6293037835740827,1
-0.9413158086211714,0.47633646862168044,-0.24677685355972587,-2.816107308271339,1
-3.7728778161517273,2.4791304616284995,0.6377336755010079,-0.30894325530695715,1
-3.7696085229310827,2.013616132202392,-0.05430794974032842,0.5768246521534305,1
-0.18796614874260512,0.2610862351430951,0.6239215840096515,0.317165594533108,1
-1.4176144034884481,-0.004128816572963698,0.0822109540245548,2.211213400521541,1
-0.3464650353927279,0.3283096397401711,0.5798405000031205,0.6822318392638108,1
-2.55073673242036,0.7187058111335904,-0.5491329076773498,1.1881951721905182,1
2.182180870172448,-0.1809746766925368,0.9238988254468143,1.2568617241911253,1
-0.05597469132250328,0.36638697010381105,-0.27365844134838596,-0.10755812772234284,1
2.260633588269272,0.34713145272571727,-0.5924547123850786,-0.44157109203289896,1
-0.35080097379820396,0.21979369347554603,0.015309391280325785,0.6939035568714848,1
-0.026141295081516257,0.6306342375898659,-0.30658291197177573,-0.780471030291036,1
-0.32199724348411546,0.590946489279779,0.031116752181258176,0.025263271164843972,1
1.913357109022315,0.09129552782011721,-0.020343152479222974,-0.19615037666026278,1
1.8763145555370084,0.3166214456432445,0.06527703528619792,-0.5404354827571617,1
2.0645520384106084,-0.21822816045198148,-0.3061085515377221,-0.22793563868491276,1
-0.29461939632217227,1.1398718969551795,0.3398275139734318,-0.2673687745494126,1
-0.396206335682332,0.6635753110635834,0.4156648266308402,0.12209130275651801,1
2.0841854290798003,0.21071365184338928,-0.13585288969099482,1.0886597849653086,1
2.295377703338923,0.45341692480361934,-0.2289499265150945,-0.6880305724915234,1
0.04734855052220193,-0.31019766467238447,0.04697143309112597,0.25560736161321623,1
0.3121338965737911,0.2130637708654589,0.7339140282683322,1.3644837107349195,1
-3.307177217325327,1.320855265484867,0.14110019249975309,-0.2519074488507444,1
-3.3613317946409427,1.3500667956033565,0.28369488185209574,-0.21707219756725732,1
-3.4193415989574447,1.3225122327941938,0.2964145320260992,-0.20709251824235728,1
-3.4777622568056445,1.2960346230336155,0.30957857501820857,-0.19635857348614752,1
-3.536127484484909,1.2698054327303694,0.32296321146200907,-0.18528261820256103,1
1.969073465537907,-0.7894992673474853,0.12352007047014965,0.2995626489869887,1
2.011490554658586,-0.4099838675694597,-0.7306174821357116,-1.224628173895369,1
-0.327893199160504,0.349642305511066,-0.17124083174745122,-1.1572324772620337,1
2.192216635010247,0.2818807690811511,0.38969646621345216,0.2961200357225097,1
-0.005380302380743355,0.9648901350780235,0.18298840399676675,-0.6773845428833449,1
-0.04520911036598363,0.3296606236460257,-0.4779053413549092,-0.8294272467114857,1
-0.3319222506733947,0.6760302206789758,0.6937366122840785,0.9806844048404638,1
-0.021423643984269738,-0.24120930729502754,0.22590335101820538,0.12851052507521765,1
2.113218188013795,0.944585152033295,0.1248618257724729,0.37599634748722344,1
-3.758233902067287,2.2486808977625086,0.9161201784766577,0.1546180227799485,1
-3.9848865756760437,1.7821466864445132,-0.1345688981509305,-0.12887230285760767,1
-4.104162531916075,1.1437012293026687,0.15571655966497025,-0.137762372218296,1
-4.142559729635257,0.8387272513294927,-0.3321753873604751,0.006843468014920304,1
2.7764931337715666,2.2233060596905765,-0.23557827348640162,1.3585926545991431,1
-0.4087628475832108,0.3433230871004643,0.30822046797778796,1.1256465427956295,1
-4.069121568605703,0.28389301044822285,0.0169301470987287,0.4837620068557773,1
-4.4022384337854445,0.2760660533592806,-0.2153216621778405,0.33428131683065904,1
-1.0754262855798673,1.7356791955782263,-0.27715955066376047,-1.5254808034290666,1
-1.0222175224844008,1.0063306195204647,-0.41663528841534625,-1.215615278891406,1
-1.3367825915029115,1.2514916047560634,0.5315108545386328,-0.3829226731514077,1
-0.8942343514872036,0.33715538001427076,0.02115165942119487,0.29472415277629116,1
-4.564003913387339,-1.0467745127876207,-0.4892252991325309,0.14625633843085453,1
-1.678236685456013,0.7098803534858777,-0.8947292863957047,-4.1145880585674455,1
1.5608040429091201,0.2794497331289099,-0.8670529275755696,-4.156845342401522,1
-0.26053413220819543,1.068720127647037,-0.43773609447696576,-1.4815167558507991,1
2.0331824617990204,-0.34775088417503547,0.2571997159027965,0.2508491311036833,1
-0.5279326283813967,0.5406385924107933,0.1695714158736283,0.5794080507536773,1
-1.462680645844988,-0.859480183019209,-0.3013923860075373,1.3898641125190963,1
-1.605024314827069,-0.46153899993673303,-0.54988839268724,1.180730699286488,1
-0.3121068900329483,0.3980326292834924,1.2868886655629606,-0.30261029577953297,1
-0.4314334089079531,0.020983517441753377,1.6070102463427447,-1.566827440661354,1
-0.09728607534500912,0.8087667792347004,-0.14802252346947958,-0.48955355643860127,1
0.30273739426467006,0.15570780346170354,2.005185576461118,1.4868289942630508,1
-1.8128578308048502,1.060757483569229,1.1827319914586507,1.237005257082685,1
-1.6306368429022982,0.27836894294481623,0.39786669997391916,0.9594940238418588,1
-0.12279369059710937,0.8460419613035878,0.2251042257854159,0.07490326280338275,1
0.23214824306015414,-0.7016871183460762,-0.04372096238710645,-0.07417656037077061,1
-0.5145205975514363,1.0092253278499095,-0.45718412455256674,-1.2793779231661,1
-0.6469371927775392,0.7739932297332296,0.3940287970934117,0.6548782680487958,1
1.9764338257072145,0.5339431108774764,-0.4439041182214441,-1.1596559461656513,1
-2.8370344159943954,0.2890482443892859,-0.3565193069016721,1.275123751096486,1
-1.6930784454486791,0.4980264020915552,1.8213354695511268,3.060624654037351,1
2.013723478418251,-0.24921974640895284,0.5742992435152993,0.713597412801984,1
-2.7273563127387366,0.6641861021424188,0.2835533708567008,1.4324589520894466,1
-0.3651282921297589,0.6983583656373092,-0.40704041826179715,-0.4126562960088044,1
2.064474138858021,0.07698977625500951,-0.7194279424174821,-1.2624228192906077,1
1.9902480384596433,0.07243542623374892,-0.44925906915878544,-1.1600264206612667,1
-1.8188069686403074,1.170318496719315,3.424487432275853,2.7166732776940252,1
2.131098780057135,0.012053707312219799,0.1430113634976187,-0.9653255843126409,1
-0.18161264443358388,0.17625999283771,1.831549038415427,2.6047612383320753,1
1.908215166843398,-0.025852300732498924,0.05923387394626431,-0.0821989013455185,1
0.10040710605653735,0.5004256428797814,-0.03503293715718778,-0.31402777153100025,1
-0.19197065178367811,0.5904313846480722,-0.5398276571000673,-1.258744818366897,1
-0.5876756945825921,0.1467340431331619,0.11128838478008916,-0.07484081454424554,1
2.189828634691441,-0.24902797340672383,0.3664662988774436,1.2913008371935717,1
2.5219743942872928,0.00958954765252045,-0.21957838097627777,0.32455245094251495,1
-2.0560620167946437,5.826774733061843,-15.169113962172153,4.232953596949914,1
-2.0560620167946437,5.826774733061843,-15.169113962172153,4.232953596949914,1
-2.0560620167946437,5.826774733061843,-15.169113962172153,4.232953596949914,1
-2.0560620167946437,5.826774733061843,-15.169113962172153,4.232953596949914,1
-2.0560620167946437,5.826774733061843,-15.169113962172153,4.232953596949914,1
-2.0560620167946437,5.826774733061843,-15.169113962172153,4.232953596949914,1
2.2491842513553317,-0.26452988465961136,-0.23751211770337896,0.29304361531382855,1
1.9423497330232722,0.35959595156260304,-0.7099242781436608,-1.320202696443786,1
-1.0064584353775414,1.134722974978883,0.04061954680897212,-0.5000373438470961,1
-0.2795463670610749,0.6283699877539584,0.13022913487088736,-0.6888479690385806,1
-0.6619350957075414,0.35175730614447875,0.8428889219754342,0.42369697207836354,1
-0.6818150439726615,-0.2877041806986404,0.5272573818923016,1.0926963397057585,1
1.9664754343475659,-0.2752710075852668,-0.46746528017097716,-0.7159907567237234,1
-1.324551127544767,0.5616237657340217,0.23959638672788813,-0.029462550300318132,1
-1.3257292787699904,0.8823282188608541,0.8582212669442236,0.2697110476963479,1
2.1661128556288114,-0.8100363896521581,-0.29658606678128036,0.48761435472068276,1
-0.160550613149465,0.1291526755607501,0.15663139749345642,-0.300765355534295,1
-0.20691599664042487,0.28002321381757367,0.11403594054563715,0.31214222421392984,1
-0.10747239645602209,0.216393552319904,0.09087002994515984,2.8384378888697754,1
2.180360575249141,-0.18883159639409738,-0.09923398251473717,-0.1101079533480954,1
1.58801213953195,-0.5801736619369711,0.20077164804949033,-0.5369601449321006,1
-2.7576607509063638,0.9205006959867782,0.23262209622626992,1.2123149077486342,1
-2.8986974841747384,1.4644845230703412,0.5591941722014436,0.6588237118467037,1
-2.9433363959418712,1.379185188513081,0.5548080497936705,0.6695993059997413,1
-3.0194647215272155,0.993562643448991,0.3723433304088798,1.4385121165917283,1
-3.1454730365100922,0.9354149964058428,0.8992818566613712,1.6818242627263948,1
1.9435876470065157,0.49034107712400216,-0.2427535888305206,-1.0973288669318972,1
2.0553155063941917,0.4965468663387724,-0.6481471795970394,-1.2511939193802175,1
1.947205529753537,0.318081135881174,-0.7735440826932162,-1.3841262520487048,1
2.030327631924024,0.1770845003405873,-0.37917193298619645,-1.073224042316354,1
2.200234831028495,-0.30559186925474957,-0.06032700080988346,-0.2765020917886336,1
1.9019365071096281,0.4135249987676137,-0.20513244291132543,-0.9376394934741894,1
0.4240962173303409,0.3839901520739968,-0.8641388091380034,-1.5417988528325244,1
1.8448023724474936,0.6066896973577733,-0.08169764299578554,-1.1580663653897858,1
-3.084800533051806,0.2856800033223787,0.8235280730153591,2.4908112362510564,1
0.05550428585317774,0.27483374845383285,0.4529758034174668,1.5091303826490716,1
1.7130718332128774,-0.8193545834139726,-0.02661230475418196,-0.6341062668193251,1
-0.24573859467962217,0.35136333041449275,0.1455801935001135,-0.014948488547184505,1
0.5657006512832887,-0.1472729495457855,-0.527273887314898,-1.1686134840509228,1
-2.1679737773146144,1.508196536343723,-0.51530099139987,-1.8860687500296012,1
-3.8925008768746054,2.5702701892399387,-0.06024232809652809,-2.4134641714538185,1
-3.8925008768746054,2.5702701892399387,-0.06024232809652809,-2.4134641714538185,1
-3.918855967422508,2.3954337532943795,0.4183772135698225,-2.09288832298313,1
-3.918855967422508,2.3954337532943795,0.4183772135698225,-2.09288832298313,1
-3.72008995109454,1.0467175419715387,0.05655038835168815,-0.74723962364599,1
2.200938253035782,-0.7798709663054115,-0.44897619933001476,0.15733056988822575,1
-0.45764080222118647,-0.7113560805805502,0.3054114932002507,0.527575955296902,1
-4.269543456350537,1.6610208973708955,0.42196020582130406,-1.4788428696532478,1
-4.269543456350537,1.6610208973708955,0.42196020582130406,-1.4788428696532478,1
-4.232849672743309,1.6891576878534367,0.4620041178680458,-1.0863135911387,1
-4.232849672743309,1.6891576878534367,0.4620041178680458,-1.0863135911387,1
-2.538500495758578,1.55064625713293,0.2734608736919761,-0.5393234964313436,1
-2.445437174362188,1.170620726147095,0.10919867742093241,-0.370588855458922,1
-2.5077645359776524,1.3120075247409773,0.5151621933533248,-0.4582954043242811,1
-2.4935562818307813,0.4330753480350308,0.4887632273330285,1.023888621294152,1
1.6679462896997344,-1.8187798124836132,-0.10978059667299592,-0.06189677868146054,1
1.593910778803549,-0.869868200447893,0.24948104167032345,0.9987912473732069,1
2.327959629613434,-1.8484676968453773,-0.12980640569620677,1.5479352409565148,1
-1.7789244933788224,1.5320707305462766,0.14193444993326373,1.4646388244164155,1
2.063340405249579,-0.5781960801974383,-0.4805700205618559,-1.6532985177156552,1
2.585292957811929,0.8847524350495176,-4.3188918619902825,2.7712703046593674,1
0.42741957386832247,-0.8324106171396941,-0.4699286828393951,-0.6755334867277647,1
-1.4230170716296657,0.909700998520642,-0.44384576924680985,0.780805514089819,1
2.051927012203599,-0.3211291127637324,-0.24748693468371835,-1.4455957362356628,1
1.988538155730706,0.21479866136745174,-0.775412591962843,-1.678991163541513,1
0.7587554399527147,2.8259856718555825,-4.002430291852921,1.7621248558832032,1
-0.7038210684735031,-0.08173339837112327,0.6333107309547755,-0.18600189116746682,1
-0.5295477949306551,-0.1579868140591871,0.8258368626660144,1.6595812444007179,1
-6.962882497726808,2.9367525038442954,0.6564552324778529,-0.3131705457389745,1
-7.2295695892923195,2.1950537021530248,-0.42782687651694457,-1.840186740451237,1
-7.574860804147844,2.27990736602665,0.6000313004999667,-0.6998734988191126,1
-7.65173741818047,2.1393223016782503,0.43698881040954124,-0.24981767559250256,1
-7.873449052288804,1.571158143932931,0.6570507626540567,1.2621735526325082,1
-7.873449052288804,1.571158143932931,0.6570507626540567,1.2621735526325082,1
-7.781876370454002,1.515818067329165,0.9177338280577569,1.7282767498438516,1
-7.781876370454002,1.515818067329165,0.9177338280577569,1.7282767498438516,1
-7.511263763118035,1.1991939791524067,0.07479344586494187,1.3211832961147494,1
-8.318950739009564,0.8976796265170985,1.1961791505294166,1.777294390319695,1
-8.318950739009564,0.8976796265170985,1.1961791505294166,1.777294390319695,1
-8.41586827857665,1.098609797929744,1.5885717030777688,1.5328731660907264,1
-8.41586827857665,1.098609797929744,1.5885717030777688,1.5328731660907264,1
-8.248129795884836,-0.7669981920172886,0.18218489425756831,1.522934105206963,1
-8.248129795884836,-0.7669981920172886,0.18218489425756831,1.522934105206963,1
-8.282323685926976,-0.09017238567858163,1.0201495442597373,1.5118328895216495,1
-8.282323685926976,-0.09017238567858163,1.0201495442597373,1.5118328895216495,1
-8.283365350447403,1.1252321399089749,1.4391053265395106,2.0689931279772087,1
-7.8728864708116495,0.05034631544801319,1.0930922792178375,1.7560470515015623,1
-7.994152069889477,-0.7445198515575485,-0.44220654578459123,1.402061237345832,1
-8.21902710348479,-0.8530008004458498,0.4265162525539659,0.7049403709963726,1
-8.315517161962603,-1.57881366077672,0.4004877552184031,1.3593958236695338,1
-8.45252853640377,-2.42796155801713,0.3086748328502296,1.7768978023515472,1
-10.379704596842553,-10.828728573708508,-2.1005106312394184,0.5336708376069933,1
-10.379704596842553,-10.828728573708508,-2.1005106312394184,0.5336708376069933,1
-10.379704596842553,-10.828728573708508,-2.1005106312394184,0.5336708376069933,1
-10.379704596842553,-10.828728573708508,-2.1005106312394184,0.5336708376069933,1
-8.787556422081067,-4.876440867535116,-1.1830043271042423,1.3898933807277165,1
2.297820062513481,-1.0190298040790748,-0.8916125827266055,-1.4569173084359905,1
1.9321987675516332,-0.3537929589748085,0.18108513452069047,-0.9053823672224195,1
-9.007081868310586,-5.77645040446799,-1.6759161454907745,0.8116375258098185,1
-9.466825302202095,-5.1916720989379685,-1.6394085343362346,0.7943174794621894,1
-1.2221738960302282,-1.2358915547834162,0.38691685898388267,-0.22602271757383827,1
-1.523808505037088,-3.7528056075150684,-0.6159051739927403,-1.9874693892741842,1
-1.312879653508415,-3.819629181411349,0.40194954519636816,0.6773471657519934,1
-9.489561421264053,-5.545649661165434,-1.1407864425238226,0.025949580123586714,1
-9.574707728414637,-6.435656644824214,-1.2654410626300137,1.6671301734334758,1
-10.029255097104464,-8.754546373672111,-2.567714664021409,-0.6469477003283342,1
-9.794873347408446,-9.26906752010421,-2.3660777714769163,-1.045668741711681,1
-0.3250669351143718,2.8601578365388156,-3.3027093129245526,-1.215138206484033,1
-9.999688490707294,-12.711087100532076,-3.3073353457665324,-0.9823724296586438,1
2.4536980094086465,2.3271125478509846,5.517200285330831,-0.20252913284498175,1
-10.715736571035839,-14.754175299637167,-4.8845174316412185,-3.479135681474221,1
-0.15639162399255177,0.6858250103548711,0.40001650811081546,-0.6450142715566118,1
-11.473744502303074,-18.15306449288476,-5.34591940883805,-3.5340984939234965,1
-0.49692919413516184,0.19936889250928097,0.8441668888260861,-0.6885751121303517,1
-3.353749138482447,0.7075525879507911,0.10384742592102117,-2.2694687165844596,1
-3.787614102136202,1.4442858211002583,1.0708070969183632,-0.6752767477519376,1
-3.5268838602473918,-0.03347079463043188,0.011113544323455304,-1.4940465982821804,1
-11.50065616669052,-19.044871532083388,-5.6399337560347504,-3.5127751503237152,1
-4.0053559695183,0.8039094763298065,1.2761926007641164,-0.035525650425785725,1
-3.663748721879927,0.16587853913606304,0.9986306595910271,0.34821714608526294,1
-3.4107362363223466,-0.7690965827969294,1.3070356102273288,0.8971222057737207,1
-4.1411782059118085,0.5770458067680309,0.8959461065577583,-0.403239840893671,1
-4.132323340783964,0.22710112579197228,0.8513119399705608,-0.2319649804490167,1
-4.174004180879524,0.21015825841236047,0.8877490750522693,-0.03557875429423572,1
-0.15501339352096888,0.17305748359192286,-0.840800318315265,-0.32690818194802124,1
-1.1641024544170175,0.9165288949039717,-0.7994120277138238,-2.335930579938234,1
-1.709088725633973,0.9283311802884486,-0.23557763090337205,-1.4559872805910954,1
2.209684150524443,-0.6532257627020992,-0.23387817186095422,-0.6029520212924843,1
-1.7309043863880973,1.099245082891491,1.0118054281722046,-0.3617718099300499,1
-1.1053317839618186,0.060650618516513925,0.23497900036980227,-0.26914327762928303,1
1.6686565446295898,-1.0334574810532724,1.3811221907479836,2.1413763841252584,1
-1.001849922624157,0.03510296772842195,0.6404942804209313,0.31640115490334814,1
-0.424396520169094,1.1851939556646378,-0.04505233457329011,-0.42521884576866303,1
-0.6589315661017388,2.5601832910184723,-3.306278101863347,0.0012943674598721495,1
-0.7124865755291249,2.5940863994676246,-3.1522667766768167,0.04082534477139897,1
-1.1437261707967141,0.2805003883318401,0.6452650563820388,-0.2754211719129276,1
2.359929990844809,-1.2301316125995025,1.9152711115813648,2.257004431355402,1
-0.2793792504955332,-0.023178441249931826,0.5084419324279903,0.8285823091763431,1
-4.190147462017012,-0.9483478976940005,1.1950314448419392,1.2556884199473328,1
0.4971600038597777,0.4998432439585596,0.08812689924691246,-0.3193643120904675,1
2.2776105420901995,-0.6071356919116039,-0.19518186371937846,-1.3703938692718762,1
2.027598191526945,0.9927067271511144,-1.4841730793779662,-3.2760561354741946,1
0.17902341288077522,0.4230979047894175,0.18635341792594465,-0.8865217088153906,1
-0.12499326324651566,0.1693035631360232,-0.15047186402603943,-1.2279877944550555,1
-1.3608137217322158,-0.21439780316440474,-1.0804479777776563,1.2266915105696132,1
0.7231377564231893,2.236196317261421,-4.02279456988337,0.9711251119940827,1
-0.28477756155050715,-0.46947327561179003,-0.2324209236112565,-0.7618929186581165,1
2.3411180560846216,-0.1604057110856323,0.9126873600865265,1.2717412601699116,1
1.5729424707537247,-0.35337199633938765,0.948845021572078,-0.31458178817050786,1
0.05367702560797893,0.3730286269700938,-0.9630148681398376,-2.436789472980553,1
-0.1715717083823799,-0.12102100618288644,0.04381244347487753,-0.24023301882648995,1
0.016998315024578752,0.7722219424918716,-1.0050628033775113,-2.7918272200721845,1
-0.26470220282374773,0.09703228398960691,0.17643621365587644,0.2973938648766435,1
-0.7109324173555563,0.5375020690501303,-0.3310669135222292,-1.3034116211918052,1
-0.8007235250294643,0.7249483521216532,-0.14126419912398053,-0.780511543468874,1
2.215768899812555,-0.21285373662204662,0.2820528595981141,-0.11728439597163696,1
2.0676754847432806,-0.7918587000794737,0.37236695586022345,-0.35067115829236367,1
2.1137389167499325,-0.1519230344895852,0.28019073545893164,-0.9590703877465073,1
1.8806542335797993,-0.26814462606913153,0.8926262941440638,-1.533078129644655,1
0.02253630644039202,0.045045418826096625,1.6547172444855023,-0.37247005179555676,1
-0.04823256993104763,0.7605350155367964,-0.7457636820706303,-2.7197277692914237,1
-0.15536912141217252,-0.30675966046329933,0.8155614582000652,0.8578930354068696,1
-0.5322557645195736,0.16922599495739016,0.1506511490771297,-2.0615876824982484,1
-0.3513539421149355,-1.2699066747932173,-0.008940362933702217,0.5854873238667713,1
-0.032988651336899426,0.8084640074241066,-0.4673918872339352,-2.2790986382874707,1
-0.1775634553786969,-0.25144801583796356,1.1443800527108103,1.3287973593441653,1
2.2403774927226308,-0.2751101773727272,0.3858941920741825,0.504028851242618,1
-1.1002925102343815,-0.2534305205977551,0.9658335296905332,0.4927265599122209,1
-0.7684883805133966,0.871754677579278,-0.4345021742615003,-0.57492036907165,1
-1.0925751927599936,0.45216474824611613,0.20827990009478145,-0.8146662264740316,1
-0.8909163573736159,-0.056379532049959165,-0.46427271811775717,0.2972546793874664,1
2.2971133034353888,0.35631783659837196,0.184974944324118,-0.034673817876835274,1
-1.6058140338070623,1.4640493544711644,1.1345193044464812,-0.43454799478230816,1
-0.8094342324004844,1.0754509470199825,-0.2777237056532795,-2.078800428779399,1
2.343222904802856,-1.005564797463898,0.1405929806529871,0.615470843085731,1
-1.0278085701505881,0.2644374739696503,-0.45988148928194256,-1.902802246112149,1
1.8270569274734192,0.16354417249395423,-1.4723647957718857,-2.5163602841485386,1
-0.8561241075333911,-0.020958008094436625,1.078986064615121,0.1782934266259078,1
-1.0290829790149918,0.1820981418510297,1.2450996205573122,-0.18369666261457765,1
2.0166796611618913,-0.293694870823781,0.018121258639396422,0.47158152842612133,1
1.5853364629199782,-0.5435460918429856,0.2127613629051142,-0.37071819214552715,1
0.40049241394211776,-0.6300010176174287,-0.13058239590046783,0.8594124632210978,1
-1.3673393708683974,0.47778368722989917,0.32387985050862333,-0.44079494685625675,1
0.20302174566485398,0.3214703524379365,2.1255411209595807,0.12994822964565522,1
-0.9873779026137893,-0.0602537942614292,0.7605811615924967,1.662458116105982,1
2.1861057198265765,-1.2609122808613087,-0.28916838496485964,-0.306146719300838,1
0.1162015317445493,0.18268813155394117,-0.8417556704527738,-2.4240340933190363,1
-1.3091381582878165,0.25903823860684805,-0.9218131157833491,-2.7485614112319396,1
-1.1007463234880324,-0.33020934694874476,0.8633408067092964,0.4333907894524783,1
-1.89656287909726,0.48708705076827424,-0.24074681226826397,-1.4577359215746544,1
-1.8121322099203303,0.4304089986709538,0.7301267709220527,1.1609834554678362,1
-1.5306355630085933,0.8667763812375877,1.0761469530214722,-0.6152213334715512,1
-0.6800230327094635,0.7863835927840893,-0.8137387273016327,-2.6266891964362262,1
1.8426736460872617,-0.20060752873449172,-0.7797510448080907,-2.731797554745335,1
-1.2194506995160301,1.0971998047875944,-0.2686907166722312,-2.0987330074487094,1
-1.098118727101055,0.7741463491997681,0.6401001276274498,0.024596932846691774,1
2.7090074905155554,0.4965773231913276,-3.3702183978898876,-0.1773528189055497,1
-0.5216269706357083,-1.1521037405854115,-0.11901792489938413,-0.07282081018836759,1
-1.1375786351088613,1.1721101014011248,-0.9386223332883799,-2.9007452931723625,1
0.0752498700483628,0.523501542708389,-0.3723551752884799,-2.1963587761380117,1
0.0752498700483628,0.523501542708389,-0.3723551752884799,-2.1963587761380117,1
0.33129045228741844,0.010415301146073981,-0.24980206135510943,-2.292102585343917,1
-1.5078789543127835,-0.09230572099144108,0.4476245101617004,0.09012904741891022,1
-1.5651790622787858,0.4396551475489185,0.632489722768372,0.4318122242637163,1
-1.3043716444864284,0.046099993005295124,0.2122668726230843,0.031571767824645394,1
-0.027533600923705,0.7129752479301725,-0.7320890539725745,-2.707271808062586,1
1.713643258741505,0.2957211029002855,-0.17190751125352302,-2.2116213715766233,1
-1.4186715270978114,0.12315898006911602,-1.0159247196519083,-0.003347773330450428,1
-0.30880740290022735,0.037098670553115116,0.4492559658297842,0.3816523779415115,1
2.3728111562345116,-0.7584203679243603,-0.5060753483099609,-1.257160376646315,1
0.31610309284539145,-0.734513023587297,-0.6141611671658245,-0.22850230870334318,1
0.6635050106921251,0.04450757822328491,0.5547006772890708,0.9380749267944921,1
2.240655100755479,-0.5219086170080253,-1.0353746557871373,-2.191831363501824,1
0.5504106699721152,-0.22706184649893407,0.4219908972452619,-0.7956685627850655,1
-1.3295205390115061,-0.05572509747557829,0.3936091924168473,-0.7895030444933153,1
-1.8899473484952045,0.9957513395642579,0.018414160032665484,1.6395721552450346,1
-1.4981404354032297,0.612565307116415,-0.7985539005662957,0.6276941245353138,1
-1.9429473281053964,0.1530478999120031,-0.9073134032348092,-1.7584681545627072,1
-2.20345342567782,-0.04481249020611762,-0.4974366903202786,-0.7944332630108943,1
-2.263585642246226,-0.07093747791575655,-0.5230076567604423,-0.8092326291696781,1
-2.323827791518838,-0.09775772847967125,-0.5491604708488763,-0.8249386295730393,1
-2.3840745807024772,-0.12531813584033008,-0.5758443428954336,-0.84148407836704,1
2.135434636370875,-1.6237442742263812,-0.07153175316888043,-0.3537614246866935,1
2.3515368511957657,-0.2772841122489674,0.5702739937058713,0.2615982285317275,1
-0.49315150848806144,-0.32189746412269027,-1.2226408405362041,-0.08554981760587912,1
0.2936535527315494,0.3756035112642925,0.007522918002490377,-1.1218455244176244,1
-0.268912112716779,0.48574170767653435,-0.6112583982511426,-2.7162703643346178,1
0.6137554436658759,0.04153793766795681,0.1723599124348151,-1.2443307635989524,1
0.18287187977138925,0.128026454791444,0.8082143296023192,-1.1784783352135735,1
2.2964534503046448,-1.0115049168368624,0.983322222230342,1.3114604903280862,1
-0.020494698852151015,-0.11229414359572354,1.2331823865360814,-2.528803891284972,1
-1.2464374410488406,1.0446548497157797,-0.7457323392648698,-2.6056733070680664,1
-1.9051713859217974,1.43893500970557,0.014518784837728128,-2.657166278056954,1
-1.923750249095573,1.2126638760847157,-0.028153192539882157,-2.570869112297581,1
-1.9846866771298286,1.180820225364906,-0.05851879588405299,-2.5930696379501246,1
-1.1204351818160498,0.8163510817777154,-0.4702496609277784,-1.4894413288964374,1
1.9886142253334491,-0.44720729444547813,-0.744142390854386,-1.5132778079578817,1
1.9620456788799825,-0.5339110359019643,-0.7944788733793972,-1.9425432175924904,1
-1.7330939267949854,1.5142212520243656,1.062850905578151,-0.49845516183568067,1
-1.4336594067332582,0.8733202444917885,-0.4074472393265218,-2.994983841489822,1
-1.9419755433014145,1.0843507093292137,0.1579888742102041,-2.0023111218533893,1
2.27762229509599,-0.7504758462815947,0.1522224671454759,0.46241383695780447,1
2.182609467150906,-1.2546081900968242,-0.19226718528837955,-1.3319134945003945,1
0.07054650936357797,0.530066732436901,-0.9623204280686005,-2.8901039840227876,1
-0.5473420083873259,1.0325188337921112,-0.26731673354066376,-2.738615004335525,1
-0.14964783450622424,-0.9668572008955704,1.9094074808684758,-0.07729093586336708,1
0.1905035213081002,0.5766294024625245,-0.12768698484822683,-1.6571940214633911,1
0.4725452049274298,0.06115414480077151,-0.4306220312795246,0.3523307512374068,1
0.29390926138271467,-0.21627841428498387,-0.0011409898879327523,0.9947145180489023,1
-1.6745713496770684,1.1830842233338623,-0.5315163714210447,-2.7717609678200987,1
-2.2143621275866305,1.4939909123121393,0.014703193095187554,-2.2466288287674234,1
2.192102879646232,-0.3125585927462037,0.3261005911216285,-0.3753556528377492,1
-2.263278510775304,1.4135680741269911,-0.027059908407825777,-2.280835349007725,1
-2.0477339181184164,0.45359925788771327,1.2356702743646606,1.2059415469631298,1
-1.7957156156699285,0.7608378581429925,0.41005806405002965,-0.9071454055602619,1
-1.2019800573590544,-0.6168570726726913,0.4718644432714814,-0.6379134743099675,1
1.7212825441466626,-2.1090541471255455,-1.1900976987560765,-0.9023123422651588,1
1.7444288324623332,-0.6443053421212778,0.9762607079360872,-0.07624032628626051,1
0.6163990891298577,0.06545644432838536,0.3018399422796411,-0.1900850791454046,1
2.269979549507975,-0.8766189591104022,0.3411491212994077,1.4369801290369468,1
2.2264128173419095,-0.868246895320511,0.2916935926302795,0.3255338244373216,1
0.1265878061700286,-0.781108034076181,-0.13826574392935953,0.21053371395752382,1
-0.6206220514368479,0.48420026344078837,-0.05968621599471591,-1.2501624028617644,1
0.24864368907558518,0.4930843677977754,-0.0791983875190945,-1.3930738659144488,1
0.5591031200300411,-0.4472207845669354,0.0006413332570290441,-0.3494743408634611,1
-0.5280264681475733,0.5318970106208758,0.6030631045253004,-0.8270863784541016,1
2.351228829149698,-0.3558006621588125,-0.15333526880633958,-0.46054142171276136,1
